{
    "train_loss": [
        0.23825500988297993,
        0.22996298228907916,
        0.2291191081619925,
        0.22464661113917828,
        0.2253460147832003,
        0.22362829729293784,
        0.22423028242256907,
        0.22211942692390746,
        0.2183399613843196,
        0.22008356974563664,
        0.21623033388621277,
        0.21635417019327483,
        0.21616296263204682,
        0.2157052668949796,
        0.21176193085395628,
        0.21123271161276433,
        0.2095449755175246,
        0.20088940794165763,
        0.20899038448826307,
        0.20495969124345315,
        0.20017211612624428,
        0.19231520800126922,
        0.19215327664278448,
        0.18863756362245315,
        0.19516124721202585,
        0.19262671729342806,
        0.1843950003126843,
        0.17962231282662186,
        0.17694258820524233,
        0.16684607664744058,
        0.17426520730886194,
        0.16491438778272519,
        0.1562784333816833,
        0.16347947212246558,
        0.16889321476790226,
        0.16803367972736144,
        0.15109379914227045,
        0.1386237501606552,
        0.12990982864155537,
        0.1351689579637928,
        0.12222993590532699,
        0.09843606373760849,
        0.10702031179486464,
        0.09884657590494801,
        0.0925631920949349,
        0.108533987144862,
        0.09470009707405956,
        0.09739499783932438,
        0.08521469456091937,
        0.08865447865294603,
        0.09538851542553554,
        0.08936208557699704,
        0.08863207757692887,
        0.0866604742154272,
        0.08284056358712001,
        0.09472743244582994,
        0.08107294669348954,
        0.09238590131280944,
        0.084375277177767,
        0.08378847955706685,
        0.07210227747499529,
        0.08737936722657953,
        0.08339381957193837,
        0.08815403690742743,
        0.08443818222440314,
        0.07479696859405117,
        0.08174957073060796,
        0.08542966825350756,
        0.07647226751659117,
        0.07032461906459907,
        0.08489343952452247,
        0.07970799203354141,
        0.07836520127279477,
        0.07573929492112559
    ],
    "val_loss": [
        0.2616472241282463,
        0.2826698979735374,
        0.2611342453956604,
        0.26595913648605346,
        0.21596355482935906,
        0.22502896070480347,
        0.23120831996202468,
        0.20911013059318065,
        0.19325804695487023,
        0.17000048980116844,
        0.19923224106431006,
        0.21065029539167882,
        0.20250655800104142,
        0.21476086057722568
    ],
    "val_rmse": [
        50.53875416517258,
        51.70021915435791,
        50.34413129091263,
        49.76136773824692,
        44.16011464595795,
        47.15194112062454,
        47.17887479066849,
        43.297105610370636,
        42.83614620566368,
        40.914200723171234,
        42.70890235900879,
        44.70929265022278,
        43.126392513513565,
        43.17463505268097
    ]
}